DIMER,FAMILY,fusion,symmetry,l_count_pdb,l_count_lz,l_count_ini_1,l_count_end_1,l_count_ini_2,l_count_end_2,l_count_ini_3,l_count_end_3,l_count_ini_4,l_count_end_4,l_count_ini_5,l_count_end_5,MEAN_ini,MEAN_end,SD_ini,SD_end,RMSD_MEAN_1,RMSD_SD_1,RMSD_MEAN_2,RMSD_SD_2,RMSD_MEAN_3,RMSD_SD_3,RMSD_MEAN_4,RMSD_SD_4,RMSD_MEAN_5,RMSD_SD_5,RMSD_MEAN,RMAS_SD,error,DEGREE_MEAN_1,DEGREE_SD_1,DEGREE_MEAN_2,DEGREE_SD_2,DEGREE_MEAN_3,DEGREE_SD_3,DEGREE_MEAN_4,DEGREE_SD_4,DEGREE_MEAN_5,DEGREE_SD_5,DEGREE_MEAN,DEGREE_SD,error,DIST_MEAN_1,DIST_SD_1,DIST_MEAN_2,DIST_SD_2,DIST_MEAN_3,DIST_SD_3,DIST_MEAN_4,DIST_SD_4,DIST_MEAN_5,DIST_SD_5,DIST_MEAN,DIST_SD,error
2Z73_OPSD_4,OPSD,-,YES,30,30,24,35,24,64,24,46,24,43,24,63,24,50.2,0,12.7945300812,0.5279869134,0.0827006006,0.6329882164,0.0886405514,0.994711709,0.1026895188,0.646430091,0.0658224232,0.9536532985,0.0784995584,0.7511540457,0.013533825,0.0215353356,1.4684479853,0.2500399423,2.45041966,0.1951827441,3.0902476953,0.2952297577,2.9496691367,0.2719322925,2.2894332267,0.1969496751,2.4496435408,0.0447640719,0.0712296276,37.2150669834,0.2221774864,36.6253014122,0.3372503617,36.9651698182,0.2721063445,36.8564102386,0.2696603025,36.3062237177,0.2383187745,36.793634434,0.0441470888,0.0702478698
4DKL_OPRM_18,OPRM,T4-Lysozyme,YES,76,83,36,45,36,39,36,46,36,56,36,42,36,45.6,0,6.4265076052,0.7402599254,0.0668356893,0.5018416104,0.0651910129,0.4909492761,0.0359140836,0.8229576433,0.0916766974,0.6885809119,0.039973626,0.6489178734,0.022683915,0.0360951708,1.5190263592,0.4042558687,1.0222377991,0.3507315849,0.5201473101,0.1950212287,2.1261935711,0.5666948845,1.3475101823,0.2383471672,1.3070230443,0.1469528667,0.2338348038,31.1284636718,0.1894039087,31.2962598391,0.283394802,31.1974899889,0.2127736852,31.2697556169,0.2360163073,30.0487179883,0.1841211601,30.988137421,0.0404491474,0.0643636198
6BQG_5HT2C_56,5HT2C,Soluble cytochrome b562,YES,62,62,21,43,21,47,21,41,21,42,21,47,21,44,0,2.8284271247,0.5284422343,0.0303852092,0.4850153119,0.0221391471,0.7319093463,0.0565848091,0.6753421254,0.0828411447,0.4600839448,0.0314134105,0.5761585925,0.0249320611,0.0396724728,1.5449863061,0.2075558946,1.2840958148,0.2746927928,4.0215791742,0.462452921,0.5149565253,0.2757095393,2.034990364,0.2456344771,1.8801216369,0.0986057498,0.156903752,31.6351852348,0.2229458282,31.2580084785,0.1905397792,31.5644050251,0.2722549348,31.7770170208,0.2828075633,31.1852116607,0.1908347923,31.483965484,0.0438671128,0.0698023656
3V2Y_S1PR1_14,S1PR1,T4-Lysozyme,YES,38,38,30,36,30,41,30,21,30,69,30,35,30,40.4,0,17.6295206968,1.0032194448,0.059056385,1.1975798866,0.1313611963,0.7839023731,0.0581092815,1.1619608373,0.0520023414,1.0226552478,0.0521543803,1.0338635579,0.0341587831,0.0543542465,4.4341779782,0.3140941517,0.495226589,0.3018819714,3.3910111409,0.279063565,1.8454057551,0.3527941223,5.0450778575,0.4123217819,3.0421798642,0.0522349512,0.0831174638,33.9347217977,0.3121939465,31.9422515197,0.2489408094,33.754677194,0.9340062285,29.5934179545,0.2266631859,31.4228966375,0.2195067226,32.1295930207,0.3072564183,0.4889135265
4DJH_OPRK_16,OPRK,T4-Lysozyme,YES,53,53,41,31,41,30,41,46,41,43,41,50,41,40,0,9.0277350426,0.5837679851,0.0770805427,0.4506665791,0.0672279842,0.5346720254,0.1017147342,0.4396545179,0.0674331353,0.5349985194,0.0592777207,0.5087519254,0.0164455965,0.0261686139,2.3366055246,0.2796434128,0.4989123023,0.2878162675,0.4941500626,0.2895075479,1.2907981109,0.2189086051,0.7049800165,0.2008235162,1.0650892034,0.0421665706,0.0670964233,39.648144535,0.3229207125,39.0970407872,0.3201691107,39.3564821408,0.3477560331,39.1147483053,0.3641141109,37.7670055561,0.4345208059,38.9966842649,0.0465280389,0.0740364928
5LWE_CCR9_46,CCR9,-,YES,28,28,8,30,8,33,8,42,8,39,8,36,8,36,0,4.7434164903,1.1250405045,0.1260765689,2.0193705045,0.1103525191,0.7066533612,0.0397219582,0.6495336403,0.0393784573,0.7287195104,0.0354767139,1.0458635042,0.0442125572,0.0703520446,3.5046353238,0.482327205,2.9753455389,0.2272036085,0.9690531719,0.3617562812,1.5159805231,0.383741333,0.9126915568,0.2599314259,1.9755412229,0.1021431793,0.1625325918,38.5956089587,0.3090094551,36.6327471408,0.247711512,35.566349356,0.4710359536,35.7251637566,0.2618685063,35.1060151127,0.2485530126,36.325176865,0.0947072309,0.1507003386
5T04_NTR1_48,NTR1,T4-Lysozyme,YES,20,20,12,35,12,35,12,41,12,36,12,30,12,35.4,0,3.9115214431,1.1057812657,0.1890356802,0.9081462657,0.0630492674,0.9967355179,0.1011292498,1.1935117164,0.0856640546,1.3467897761,0.112749204,1.1101929084,0.0477728136,0.0760172071,1.4887245966,0.3394524895,4.8173799271,0.3506153641,2.1243466191,0.3156367829,2.1751472752,0.1689233995,1.3720699047,0.2100292045,2.3955336645,0.0821248315,0.1306789333,35.1787575928,0.5151432301,34.0013145841,0.4757451523,34.3387927777,0.2867691994,34.3153063142,0.2971104603,34.6528689237,0.2306728684,34.4974080385,0.1259997944,0.20049379
4MBS_CCR5_20,CCR5,Rubredoxin,YES,32,32,18,42,18,46,18,33,18,23,18,27,18,34.2,0,9.7313925006,0.8095060761,0.071686858,0.6484101761,0.1230937401,0.7305664761,0.0910299011,0.6690415045,0.1825412657,0.5669653179,0.0776300241,0.6848979101,0.0455687088,0.0725099845,2.086957512,0.4008196834,0.4754808444,0.3060049502,1.0262107846,0.3498119715,1.3696802543,0.4533206023,2.0210305605,0.2756112801,1.3958719912,0.0715437716,0.1138421058,32.6858793743,0.2672939297,33.9041223282,0.3319856378,33.9842709739,0.3358366378,33.6027693616,0.4648643716,34.6218937542,0.2694033945,33.7597871584,0.080242227,0.1276832895
5JQH_ADRB2_44,ADRB2,T4-Lysozyme,YES,17,17,5,39,5,40,5,39,5,29,5,23,5,34,0,7.6157731059,0.7536157985,0.050799685,0.7183153627,0.1461905155,0.505787297,0.0435566578,0.7527601582,0.0420044026,1.2602059627,0.1005016233,0.7981369158,0.0457397556,0.0727821581,4.1991753108,0.4296808975,3.566258814,0.5914653234,2.8710415666,0.3217973265,0.6300637978,0.2972629572,1.3661381748,0.3538780302,2.5265355328,0.1186704696,0.1888311988,33.2397459236,0.3151152548,33.8898793846,0.3159302103,32.7547775828,0.21437107,34.3192379984,0.2696097143,34.878649507,0.2538924633,33.8164580793,0.043091675,0.0685684709
5C1M_OPRM_38,OPRM,-,YES,25,25,14,44,14,34,14,14,14,53,14,18,14,32.6,0,16.6373074745,0.9211490731,0.0912603184,0.8455733716,0.079165843,1.3764259582,0.1426515002,0.8369543119,0.0597220031,0.9973367,0.0899739432,0.995487883,0.0307216235,0.0488849586,2.546218394,0.4281650678,2.7826307626,0.2821246143,2.5527542768,0.2945459477,0.7218126524,0.3859299987,3.4057376742,0.4322778937,2.401830752,0.072085961,0.1147048501,35.371303499,0.3383636567,36.2366373869,0.3113017676,38.127749457,0.4364266609,34.3311086665,0.3450421604,37.3358151746,0.6272757154,36.2805228368,0.1294078698,0.2059167986
3ODU_CXCR4_5,CXCR4,T4-Lysozyme,YES,42,68,20,27,20,32,20,27,20,28,20,32,20,29.2,0,2.5884358211,0.9881214582,0.0490689682,0.864608191,0.0612144673,0.9920091881,0.0663711962,1.1338167104,0.0682244503,1.0475155373,0.0895276571,1.005214217,0.014699608,0.0233903567,0.721318088,0.2605408986,2.0445381452,0.2530964148,0.7616718477,0.4013210193,3.1905933356,0.7432484525,1.3497881776,0.7007891134,1.6135819188,0.2364049646,0.3761730531,34.6014682828,0.4269207733,35.585040821,0.2571983951,34.5412451519,0.3354128414,35.1816158452,0.3611797136,34.8549237603,0.4245178653,34.9528587723,0.0703732286,0.1119795106
4BVN_ADRB1_15,ADRB1,-,YES,32,32,9,29,9,40,9,30,9,10,9,34,9,28.6,0,11.2605506082,0.8279017164,0.0730254901,0.5668133179,0.0405562388,0.6575567701,0.0922310919,0.5694120254,0.0575677385,0.5190013537,0.0531552943,0.6281370367,0.0199038032,0.0316713925,1.9435820065,0.2959901125,1.448815406,0.3206151258,4.2471731049,0.2807413742,3.6037957144,0.329758407,3.0599730983,0.345029973,2.860667866,0.0259062111,0.041222563,34.3113324391,0.2567547327,32.2782702136,0.2553926533,33.0998103734,0.2499180169,37.0722320431,0.5496600704,32.5771457097,0.2113714499,33.8677581558,0.1382449372,0.2199785448
4U15_ACM3_24,ACM3,T4-Lysozyme,NO,19,19,6,32,6,21,6,34,6,33,6,18,6,27.6,0,7.5033325929,1.2589028403,0.1849682476,0.8446847537,0.0913344596,1.1659531328,0.2075967601,0.8388305896,0.1059279579,1.0246050761,0.1651689334,1.0265952785,0.0503717665,0.0801527212,1.1870296126,0.2272332279,0.673996227,0.2147810117,1.5912899659,0.2556557837,1.3574947263,0.2803267467,1.3328759906,0.5813001946,1.2285373045,0.1527557683,0.2430685152,40.4627629815,0.447836914,41.0053052447,0.4387450854,41.3682347531,0.4937526875,41.7848112951,0.2942513338,41.1161040166,0.4066208591,41.1474436582,0.0749780353,0.1193067857
4X1H_OPSD_26,OPSD,-,YES,30,30,14,36,14,28,14,23,14,28,14,20,14,27,0,6.0827625303,2.2907491299,0.1578256967,1.1322198985,0.080811455,1.6105116134,0.1446031727,1.1771376567,0.0882074963,1.1345044,0.0944632819,1.4690245397,0.0353635341,0.0562712742,6.331662481,0.4033412365,2.13496561,0.2704939338,3.2725981803,0.3436885462,2.3725455945,0.5495448997,2.1527113018,0.4512793295,3.2528966336,0.1059243623,0.1685492977,42.1007499313,0.390502794,42.2034462783,0.5008082475,42.9907197375,0.5194095345,42.4314060553,0.5070612549,41.7251520898,0.4337134552,42.2902948184,0.0556777755,0.0885957655
6BQH_5HT2C_57,5HT2C,Soluble cytochrome b562,YES,31,31,14,27,14,34,14,23,14,20,14,26,14,26,0,5.2440442409,1.2202759552,0.1148605686,1.4519598299,0.1976163419,0.6724394851,0.0770287498,1.382651903,0.1795159812,0.8312858134,0.112733721,1.1117225973,0.0503870062,0.0801769709,3.4705463143,0.4105779229,4.3172670223,0.2873880959,3.3464196342,0.2832325193,4.3010943327,0.439064418,2.7343647294,0.4087392698,3.6339384065,0.0744686743,0.1184962787,34.7783464713,0.4501603033,35.4444390651,0.4052591585,35.2478888,0.3179270793,37.1187887911,0.5335796158,35.2586552276,0.2748070603,35.569623671,0.1033558537,0.1644622273
4Z35_LPAR1_35,LPAR1,BRIL,NO,35,35,16,22,16,17,16,21,16,34,16,31,16,25,0,7.1763500472,0.6725084582,0.0903891553,0.4570825448,0.0709132981,0.4629906194,0.077466254,0.8504259701,0.0651082534,0.6874542254,0.0558622548,0.6260923636,0.0130108731,0.0207032025,1.595028299,0.2180497267,1.0250656157,0.4114596609,1.09865221,0.2966717964,2.9000037804,0.3432471113,4.4007001125,0.4493645261,2.2038900035,0.091864295,0.1461765931,32.8367416439,0.3529528676,34.3678282889,0.2894031299,35.7039378774,0.3029476241,32.6056737915,0.3274625429,32.1804780532,0.2932525538,33.538931931,0.0267068034,0.0424964839
2Z73_OPSD_3,OPSD,-,YES,28,28,17,18,17,21,17,32,17,27,17,19,17,23.4,0,5.941380311,1.0802170761,0.2403852967,1.2509539851,0.2024307547,1.3759929597,0.2541648703,1.0212673627,0.2654877174,1.2153460149,0.1833682281,1.1887554797,0.0349367018,0.0555920888,2.599335014,0.349341136,1.4186950139,0.3420047609,1.6034847066,0.4686011493,2.8753959617,0.6563985974,3.7770664582,0.3323454235,2.4547954309,0.1383216015,0.2201005348,42.8904748353,1.1667080932,41.3118343408,0.3965645583,44.7852098539,0.614811473,40.949249913,0.3889439473,41.8711006288,0.5542043282,42.3615739144,0.318773377,0.5072395779
4XT1_US28_31,US28,-,NO,15,15,20,23,20,21,20,20,20,24,20,29,20,23.4,0,3.5071355834,1.8837612821,0.261371426,2.2430698881,0.3043168302,1.9074009985,0.307961824,1.9556538299,0.0973231294,1.7952126537,0.1796577714,1.9570197304,0.0904469679,0.1439213093,3.3805447585,0.4187201473,3.8231658266,0.3759557626,2.500815088,0.471157713,3.5330613484,0.3537263669,3.8237759892,0.4244284227,3.4122726021,0.0456699854,0.0726711381,38.6715504981,0.5468237273,38.2638201806,0.7296928569,39.1011097557,0.9159329703,36.6208110328,0.3882637527,37.0639019379,0.6212034955,37.944238681,0.1978568564,0.3148344108
4DKL_OPRM_17,OPRM,T4-Lysozyme,YES,27,27,8,24,8,20,8,23,8,24,8,24,8,23,0,1.7320508076,0.9976967015,0.0818522026,0.7868029776,0.108011715,1.0777754403,0.1703438075,0.6359780448,0.070907037,0.804572194,0.1432276408,0.8605650716,0.0416876847,0.0663344091,0.5664522236,0.2174275783,2.1889297157,0.4286058287,2.3237493617,0.802187654,1.3811243922,0.2998945771,0.4291189452,0.2083684833,1.3778749277,0.2461051093,0.3916081478,39.6063366242,0.3001938236,39.16284051,0.4280655396,39.3353680099,0.5096687703,39.0058466478,0.2955492173,38.9502719401,0.3809369693,39.2121327464,0.0902559831,0.14361741
5IU4_AA2AR_43,AA2AR,BRIL,YES,29,29,22,24,22,21,22,18,22,28,22,23,22,22.8,0,3.7013511047,1.0129669284,0.0893473241,1.4325442687,0.2187273459,0.7804358179,0.0727178866,0.9496939075,0.0687493284,0.9450738925,0.0575837984,1.024142963,0.0665574178,0.1059077042,4.8196094393,0.3659337915,8.1154756288,0.7192241389,1.4730037186,0.4323895928,4.6177011761,0.3835451649,2.8253196024,0.3685052144,4.370221913,0.1506981424,0.2397943732,34.4515085933,0.3421946315,36.4725669031,0.5141292532,35.6625714553,0.5216464713,35.2333195976,0.4097040758,34.3438699572,0.3250114176,35.2327673013,0.0926588467,0.1474409022
5F8U_ADRB1_40,ADRB1,-,YES,44,44,18,26,18,14,18,21,18,30,18,19,18,22,0,6.204836823,0.5167242343,0.0777292425,0.5691477149,0.1266801948,0.9191988716,0.2026943665,0.5949116149,0.1300842509,0.702757997,0.1907603733,0.6605480866,0.0512453966,0.0815428615,0.4768474108,0.2203825814,1.0237309584,0.5041623941,0.8879971606,0.2359897268,1.9403728499,0.2885429077,1.5654900038,0.6967490074,1.1788876767,0.2060990641,0.3279496025,41.412848292,0.4253879129,42.8830992239,0.9772196486,42.5675229316,0.6246658499,41.5606350143,0.4250955532,42.196240662,0.9125404723,42.1240692248,0.2622183162,0.4172478557
3OE8_CXCR4_7,CXCR4,T4-Lysozyme,NO,26,36,20,34,20,14,20,11,20,22,20,22,20,20.6,0,8.9330845737,0.8852163045,0.1244357309,0.8993852821,0.0898216193,0.8048675955,0.1451653614,0.6326865582,0.0943280956,0.9892528328,0.1086094968,0.8422817146,0.022743937,0.0361906791,3.452787074,0.3167401018,2.2231022187,0.3670189436,2.5003635416,0.60169884,3.0449496075,0.3155898322,3.0446638565,0.2619543094,2.8531732597,0.1333513995,0.2121918343,33.6376573449,0.3527117566,37.7354527503,0.4459147289,35.6185482143,0.6343930834,35.1611203736,0.3669734644,32.2614309136,0.2756649614,34.8828419193,0.136646977,0.2174358335
4XEE_NTR1_27,NTR1,T4-Lysozyme,YES,28,28,6,29,6,10,6,7,6,11,6,44,6,20.2,0,15.8650559407,1.1043938731,0.0591797851,0.7874138836,0.0598711237,1.052699897,0.1387867479,0.6622013493,0.0609125849,1.0785850433,0.0609061615,0.9370588093,0.0351449372,0.0559234377,7.1584545904,0.3139253049,1.2200909943,0.4209000112,1.7123629496,0.4794854727,2.3010994902,0.3096318861,2.4872125875,0.2325960331,2.9758441224,0.0981063301,0.1561090638,31.5259826771,0.2608336766,33.8088589859,0.2829500024,35.5841396943,0.599486706,34.5359948508,0.4075963998,31.1616784036,0.2466417707,33.3233309224,0.1485250889,0.2363365602
4XNV_P2RY1_28,P2RY1,Rubredoxin,NO,21,23,13,24,13,11,13,18,13,23,13,16,13,18.4,0,5.3197744313,1.0020373672,0.0747711422,1.3370109149,0.1482696742,1.9167382075,0.1395899783,1.8176640866,0.1798179683,1.924793209,0.1420609856,1.599648757,0.0382919319,0.0609310087,3.7167617193,0.4550862204,6.2048960358,0.3067833826,4.4079485438,0.266819177,4.6142592243,0.244370157,2.2492438896,0.8178810934,4.2386218826,0.2380400174,0.3787747869,36.854893206,0.391143368,39.8439143348,0.6715162365,37.7758221054,0.3330935537,37.3108569328,0.3525385165,36.720942083,0.3450433115,37.7012857324,0.1430092001,0.2275595503
4ZUD_AGTR1_37,AGTR1,BRIL,NO,5,5,0,16,0,21,0,29,0,0,0,25,0,18.2,0,11.2561094522,2.0485741463,0.1235373971,0.9455705657,0.0533468973,1.0305159075,0.0606135406,7.4412870388,1.1431807211,1.2013176925,0.1204378542,2.5334530701,0.4723554603,0.7516229448,3.6043979805,0.2869181733,4.6091704664,0.286950018,5.8508968588,0.4107563129,1.5685196096,0.9070366452,4.2818709185,0.5653743097,3.9829711668,0.2590087045,0.4121406473,35.0739236722,0.3573944324,34.5823402745,0.266669857,34.2972431643,0.2213212424,72.8059551953,4.970099539,37.8877152087,2.348064991,42.929435503,2.0696868962,3.2933337079
5UEN_AA1R_50,AA1R,BRIL,YES,44,44,40,13,40,26,40,5,40,27,40,18,40,17.8,0,9.2032602919,2.1521284134,0.1530940617,0.5712578507,0.0732881345,2.4860543866,0.1657807481,1.3152394,0.1495709342,1.2358688463,0.1644705502,1.5521097794,0.0386305774,0.0614698692,9.5270861722,0.4002432369,1.0050909426,0.3478979003,9.0212905457,0.3833563263,3.0284973338,0.3572832045,3.4483023678,0.4056303687,5.2060534724,0.0255847595,0.0407110616,37.7846247948,0.3879844349,37.3173030791,0.3546662723,39.9406950209,0.5808472519,37.5698931777,0.3756857558,38.9800385234,0.3622733295,38.3185109192,0.0950846197,0.1513008484
5LWE_CCR9_47,CCR9,-,YES,11,11,7,15,7,8,7,19,7,21,7,22,7,17,0,5.7008771255,0.8849530239,0.1023524898,1.2196288806,0.1460532141,1.4327897851,0.1822824316,1.0410780836,0.1793046233,2.1536267299,0.162128839,1.3464153006,0.0325423355,0.0517821177,2.2671004634,0.2133240715,1.7923347534,0.3304031088,2.6324324636,0.2755149319,2.3669282943,0.305600699,6.2303129291,0.2833794784,3.0578217808,0.0437594679,0.0696310784,36.584648153,0.4964987166,36.6670989726,0.4670272641,35.7556638756,0.45545871,36.6203631156,0.407159442,37.2541205928,0.3688068145,36.5763789419,0.0507528891,0.0807591723
5LWE_CCR9_45,CCR9,-,YES,20,20,10,17,10,12,10,11,10,16,10,24,10,16,0,5.1478150705,0.7465175821,0.1632959225,1.1505743224,0.1771465398,0.7936758896,0.1131793539,0.7827582552,0.1032270314,0.8402663418,0.0766790613,0.8627584782,0.0421900379,0.0671337652,3.9852136627,0.4717200002,2.2384808949,0.5550778288,3.1921321555,0.4977616855,2.8325833833,0.4323951636,3.1373036541,0.5452201519,3.0771427501,0.0511191396,0.0813419585,36.7228892564,0.502047704,37.1527888808,0.5891050876,36.0947266093,0.3512085234,36.1098054476,0.4094471792,36.8327483737,0.6014807925,36.5825917136,0.1097093885,0.174572119
3OE8_CXCR4_8,CXCR4,T4-Lysozyme,NO,25,25,21,28,21,21,21,0,21,23,21,3,21,15,0,12.6293309403,2.9500655269,0.1085372909,0.9328617821,0.34618998,4.3420735701,1.1998610258,1.422639506,0.5109680504,0.7970372239,0.121852158,2.0889355218,0.4474324223,0.7119648296,2.9228080017,0.3235227908,4.2860523569,0.3606770861,3.6846792583,1.544072868,3.9758029306,0.477297797,2.399553909,0.6116407681,3.4537792913,0.5049889651,0.8035501331,35.7802239611,0.3182303063,34.9350721671,0.3526986657,43.4953595342,2.5825074743,35.752122979,0.3963273742,39.0781099972,0.7183829911,37.8081777277,0.9685065729,1.5411100824
5IU4_AA2AR_42,AA2AR,BRIL,NO,7,9,8,22,8,0,8,27,8,0,8,24,8,14.6,0,13.4461890512,1.3090690403,0.088065954,6.8203319582,2.364558937,1.9719099537,0.1029335585,3.3322291642,1.0729373538,1.7887311612,0.2681323972,3.0444542555,0.9741454175,1.5500827423,4.5155938132,0.3871461359,1.9324820175,0.8537261586,8.5190514998,0.209665169,4.2415796788,1.994104089,7.7345497867,0.4135387259,5.3886513592,0.7233678786,1.1510397162,34.3368168938,0.2819085253,71.5868967265,3.0540538337,35.5014325306,0.2496723778,56.496594762,5.8181689964,35.2964429055,0.572116969,46.6436367637,2.4363734862,3.8768138998
4OR2_GRM1_23,GRM1,BRIL,YES,12,62,1,0,1,29,1,0,1,18,1,21,1,13.6,0,13.0499042142,3.9145398418,0.536627719,0.9972876075,0.0979397831,7.3994935985,2.7908334783,1.0166193657,0.1487774952,0.8921589164,0.1538065246,2.844019866,1.1567767472,1.8406899426,2.1083094364,1.2553570134,5.288165179,0.2792600339,3.7806077766,1.0155972766,3.3724735922,0.7602073142,1.120193472,0.3396755852,3.1339498913,0.4224919945,0.6722790435,61.1908263861,5.5141526853,35.8961739062,0.3890999308,86.5737952305,4.4978091913,38.4066721645,0.5613085828,36.2995983264,0.4625633677,51.6734132027,2.5105166816,3.9947922688
4K5Y_CRFR1_19,CRFR1,T4-Lysozyme,YES,55,55,17,12,17,16,17,16,17,0,17,20,17,12.8,0,7.6941536247,1.3428159149,0.1292504787,1.2683936806,0.1053837166,1.7398666254,0.1226096018,3.2397484701,0.6359017756,1.6981963597,0.1458887598,1.8578042101,0.2285931346,0.3637426883,4.304223896,0.260611612,4.6352459269,0.2981027783,6.6167602259,0.3272845018,2.7028361435,1.5780820486,2.4607725486,0.2796103347,4.1439677482,0.5759460375,0.9164586695,38.8581556899,0.687616691,39.0378423367,1.0860964797,36.1371861209,0.3979104815,58.6739044698,3.7776933759,34.354776874,0.4659142093,41.4123730982,1.4201901242,2.2598394067
4NTJ_P2Y12_21,P2Y12,BRIL,YES,3,3,4,15,4,0,4,23,4,20,4,0,4,11.6,0,10.9681356666,2.7975903373,0.1785181417,9.3131377418,1.2665092972,2.5206488657,0.1199614915,2.2542107478,0.1689228892,10.9708801328,2.2127979448,5.5712935651,0.9300552914,1.4799255129,4.495717662,0.4921086013,0.8812870883,0.4899371506,12.4866353713,0.3963625248,1.4883926924,0.3039866919,4.7216670791,3.6374791031,4.8147399786,1.4407257412,2.2925161559,37.7188692877,1.284275886,74.2384114947,4.0422494899,37.0912676128,0.4147820716,36.1098040367,0.2769152383,96.7253769066,3.7595879395,56.3767458677,1.8201138052,2.8962072274
4ZUD_AGTR1_36,AGTR1,BRIL,NO,1,7,0,5,0,0,0,18,0,0,0,34,0,11.4,0,14.6219013811,5.523319509,0.1514163068,8.5992371239,1.5262245763,4.6733781104,0.20784082,6.5384077567,1.6606603303,3.3752231612,0.1280670075,5.7419131322,0.7857667652,1.2503302694,3.9817942533,0.4540788542,7.9983141124,0.5602843346,3.5883688027,0.9327962588,13.0992428674,1.8584960128,9.9422432521,0.3708426428,7.7219926576,0.610966328,0.9721837666,35.8236749768,0.3770615082,80.3328712451,7.3300014359,37.2406054806,0.365387782,54.24200671,5.1243291952,33.9644810793,0.3235506971,48.3207278983,3.3093870811,5.2659733445
4XT1_US28_32,US28,-,NO,10,10,10,15,10,0,10,24,10,6,10,6,10,10.2,0,9.3914855055,3.4019612746,0.2912983985,6.4950482418,0.8568702094,2.680198906,0.1530440718,4.5775884896,0.3336092284,2.0930569149,0.2719318996,3.8495707654,0.274136763,0.4362127643,2.8711106467,0.5428819375,7.0840125068,1.9412434807,3.9312691225,0.5777693053,3.3885109255,0.4415549159,3.8809160213,0.6115966715,4.2311638446,0.6283439392,0.9998354239,39.0416418365,0.2717102313,70.18192607,3.3689443434,37.1588820853,0.406825338,43.5976649367,1.0390067771,40.4991730443,0.5902334235,46.0958575946,1.2817955787,2.0396228018
6BQH_5HT2C_58,5HT2C,Soluble cytochrome b562,YES,16,16,10,8,10,10,10,11,10,7,10,14,10,10,0,2.7386127875,0.3828630567,0.0459599146,0.4917120522,0.1005565907,0.5039569731,0.0398000037,0.5318687418,0.1762481221,0.8041429552,0.1838046734,0.5429087558,0.0688325089,0.1095278817,0.5252319531,0.2942526168,1.7470299096,0.571016359,0.5820043617,0.3249286008,1.1849994468,0.5130037913,2.0501508729,0.4566947559,1.2178833088,0.1193059273,0.1898423538,34.9867663216,0.3460431707,36.0616236106,0.5193121085,33.7129576569,0.3092872511,36.3062438629,0.4574534701,38.6781574585,0.813474351,35.9491497821,0.1999567916,0.3181758763
3UON_ACM2_12,ACM2,T4-Lysozyme,NO,2,2,1,0,1,4,1,9,1,20,1,9,1,8.4,0,7.5033325929,7.7041927134,0.7083030859,9.9795311284,0.2596442461,1.1121816463,0.1788052243,1.3966500463,0.1510136684,2.6598968761,0.6488738693,4.5704904821,0.2678808501,0.4262582109,6.193479332,1.2250325253,4.8982803621,1.7782540284,2.472844097,0.4450394692,3.9136979514,0.316695948,4.8488898057,0.6974557484,4.4654383096,0.6051759191,0.9629699339,53.9889789191,4.18689094,51.5575252525,2.0848191584,41.8060356522,2.4119593864,39.9014898344,0.3316213309,43.9820441011,1.0521715577,46.2472147519,1.4697238443,2.3386586091
4XNW_P2RY1_30,P2RY1,Rubredoxin,NO,12,12,14,0,14,0,14,13,14,0,14,26,14,7.8,0,11.627553483,10.5428113537,0.3023429646,8.6258314388,0.7091154224,0.8806763761,0.1676925162,12.0930772179,0.984617125,0.9776893657,0.1919943359,6.6240171504,0.3601340636,0.5730536601,2.4943113644,0.9563849556,11.7347348377,1.1177363829,2.7582604119,0.6237079886,4.5600444837,1.5360243768,2.8321183876,0.3035507551,4.8758938971,0.4708833619,0.7492805077,68.5498067015,3.9758563421,57.7659485768,2.3306614098,39.2766061848,0.9067779307,82.1925929811,3.4825540842,35.9897688869,0.4501963614,56.7549446663,1.5448020367,2.458124767
3OE9_CXCR4_9,CXCR4,T4-Lysozyme,YES,20,21,5,17,5,5,5,0,5,0,5,16,5,7.6,0,8.3845095265,0.7714049493,0.0770743156,1.4989042761,0.174247337,10.6861419507,0.6544810433,10.3738245418,2.6266559992,0.9552985716,0.1134571347,4.8571148579,1.0860826203,1.7281998112,1.2051344414,0.2454647646,3.483776598,0.4847386138,7.88886636,2.6240821952,6.289140976,1.6050781939,0.8224689018,0.3394591756,3.9378774554,1.0316292291,1.6415523143,38.2178433338,0.4929370161,37.0797340665,0.6243372249,66.3919007612,4.0636714559,96.860808913,3.7015198294,36.7544883085,0.4258385631,55.0609550766,1.8506682644,2.9448261901
5UNG_AGTR2_52,AGTR2,BRIL,YES,1,1,0,11,0,0,0,9,0,7,0,10,0,7.4,0,4.3931765273,4.0757517478,0.1829869424,6.558528709,1.9371349432,1.4559035746,0.1706862609,4.8399488493,0.1619346061,4.3290773045,0.2960710096,4.251842037,0.7774630616,1.2371172239,6.7275371617,0.4123341552,6.2127405749,1.2262879182,1.659997368,0.4355390453,11.4842934095,0.2326585161,4.6576289685,0.4862535011,6.1484394965,0.3852975207,0.6130943356,39.9878450853,0.603544581,67.5098777963,3.7804267715,35.5243939304,0.4018708818,39.5629117862,0.4627653053,40.4401738726,0.3937729729,44.6050404942,1.4848661685,2.362753426
3P0G_ADRB2_10,ADRB2,T4-Lysozyme,NO,13,13,6,0,6,0,6,8,6,23,6,0,6,6.2,0,10.009995005,7.843215294,2.1245246637,3.9083707209,0.9598296259,1.3791240627,0.2147904981,2.9435927507,0.2112081785,3.9325907522,0.9918943172,4.0013787161,0.7834905913,1.2467083687,9.3761001432,0.6996708872,3.3546748865,1.087937269,1.8436263067,0.4997401967,6.0667475475,0.3382905678,3.6921061716,1.3672209525,4.8666510111,0.4236846598,0.6741768401,67.5479745758,4.367073171,59.4540484658,4.5084792379,37.454518264,0.5145794095,37.0627205669,0.7248656864,57.3863838099,4.3093223828,51.7811291365,2.0703860695,3.2944462487
4NTJ_P2Y12_22,P2Y12,BRIL,YES,13,13,4,17,4,0,4,0,4,14,4,0,4,6.2,0,8.5556998545,1.4420115836,0.1739921657,8.5153415716,0.4253330263,6.1471611119,1.0416189681,0.8983165836,0.1310303238,4.2905079373,2.5292628115,4.2586677576,1.0012944613,1.5932829294,3.2981910457,0.2652033718,7.7180467432,0.6758223713,3.9024632321,0.6755991876,3.5908045723,0.3505389014,2.8873322616,0.9349976831,4.279367571,0.2720720791,0.4329273915,44.4971450568,0.5779873385,61.0164188784,3.1377070891,61.8282128523,3.8979652806,45.8794670624,0.9494768001,67.9980472799,5.8803752812,56.243858226,2.1869340153,3.4799000384
4UG2_AA2AR_25,AA2AR,-,NO,20,20,11,0,11,0,11,10,11,7,11,13,11,6,0,5.8736700622,4.5074966672,0.8190431447,6.6843867522,1.0239811071,1.0716645806,0.2450189966,0.5947475522,0.0874132304,0.5273034806,0.1105120134,2.6771198066,0.4342023946,0.6909129032,5.5563771652,0.8944261375,2.7909405373,1.0838017958,3.9771981032,0.5123906623,1.6546739836,0.6393347029,1.8494775262,0.7485873764,3.1657334631,0.2223089111,0.3537430864,59.6578463039,2.7586950946,60.873995705,5.0021524869,35.3130290772,0.6407513056,38.3496836994,0.6252207732,35.5574726618,0.4283584656,45.9504054895,1.9834820187,3.1561625111
3RZE_HRH1_11,HRH1,T4-Lysozyme,YES,7,7,7,0,7,8,7,17,7,0,7,0,7,5,0,7.5498344353,7.0997218955,2.5727282318,3.6162318836,0.1670997398,2.9997220418,0.1590395027,10.3426904104,0.6646577194,9.8820888866,0.7009811021,6.7880910236,0.9960030172,1.5848630611,4.0569824533,1.3236764466,2.1979885798,0.8421253123,3.5682280099,0.495146826,8.3872276649,0.963251853,9.5885607766,1.5086426731,5.5597974969,0.4003454518,0.637038952,71.6348252454,3.097741304,37.9033746825,0.3690828984,36.5904909814,0.5165784972,80.4764330296,3.4813657219,59.0176111983,4.948677488,57.1245470274,1.9868105733,3.1614589841
4XNV_P2RY1_29,P2RY1,Rubredoxin,NO,4,4,2,0,2,4,2,10,2,9,2,0,2,4.6,0,4.7749345545,9.8845998552,0.4123109969,1.2445332522,0.1791995655,2.2762751582,0.2207291623,1.0427586985,0.1908498835,12.3134232731,0.8126897229,5.3523180475,0.2684732545,0.4272008584,3.2803309238,0.9750030409,6.2424873565,0.4600296388,5.3296891023,0.5699050842,3.300269548,0.6357543032,4.0112918188,2.4337074817,4.4328137499,0.8161279752,1.2986417297,62.2092382873,2.3635144903,41.5008975214,0.6383559074,37.5044201624,0.5786769619,41.2019453309,1.2023798788,94.2258405703,3.5417608678,55.3284683745,1.2706560354,2.0218973025
2RH1_ADRB2_1,ADRB2,T4-Lysozyme,YES,10,10,10,0,10,8,10,0,10,6,10,8,10,4.4,0,4.0987803064,2.8140489866,0.889039741,0.7524137313,0.0967053392,9.2136124582,1.4145050943,1.7130366612,0.752375009,1.788016,0.2320855085,3.2562255675,0.5313301208,0.84546479,2.0257709898,0.9085188299,3.8062849525,0.422184725,5.9232871519,1.3005029395,2.8955871322,0.800095128,4.7909870304,0.2857543056,3.8883834514,0.4041846993,0.6431480515,50.3590910669,2.2134968484,42.6901156734,0.5632271283,73.7129317453,3.3485198478,47.0190880347,0.8758419901,42.986575795,0.6372920543,51.3535604631,1.2179547742,1.9380378355
3V2Y_S1PR1_13,S1PR1,T4-Lysozyme,YES,10,10,16,0,16,0,16,4,16,13,16,5,16,4.4,0,5.3197744313,4.3857693269,1.4167098104,2.5352353776,0.4890360783,0.8784491239,0.1713344485,2.0580655627,0.1198343732,0.9562491537,0.1609720712,2.162753709,0.5486175206,0.8729729007,3.7090872729,1.623834778,6.2519282088,0.9269938581,1.1280289084,0.4293816201,3.2031003128,0.2765066441,2.3927792923,0.4843074806,3.336984799,0.546004247,0.8688145993,54.2380862861,3.2047581096,54.7249622566,3.981243149,40.916786013,1.6780422965,34.956720056,0.364432418,39.0928031235,0.9391161847,44.785871547,1.5227739195,2.4230731169
4XT3_US28_34,US28,-,YES,2,2,0,0,0,0,0,0,0,21,0,0,0,4.2,0,9.3914855055,7.8153675687,0.8259138817,7.9782945328,0.7217177802,7.1964266791,1.5482679264,0.7740083254,0.1749972143,9.9636402433,2.0606035049,6.7455474699,0.7402492131,1.1779016866,1.4742204786,1.2736702042,5.407739977,1.2394997686,6.6348558854,1.3441409566,0.7635358753,0.4296261172,5.1893103089,3.1167113961,3.8939325051,0.9875445371,1.5714037317,60.9727391892,4.7859658294,68.2707999804,2.2702429778,83.2511058894,5.7288869442,45.6823089514,0.9827744121,81.0974999188,10.4408480003,67.8548907858,3.6621156181,5.8272431591
5WIU_DRD4_54,DRD4,-,YES,18,27,9,0,9,0,9,0,9,19,9,0,9,3.8,0,8.4970583145,4.4395044418,0.3750408024,4.5689521403,0.5369466274,9.6409574119,0.7879171875,6.6511250224,0.0984042344,3.9905967104,0.4014220036,5.8582271454,0.251416303,0.4000594423,3.4416488484,0.6244964168,3.7103172795,1.0045321215,2.2387567042,1.2270820098,5.0718570704,0.5646354921,5.5752179608,1.2444652417,4.0075595727,0.3238358119,0.5152950416,40.7583129475,0.9947540626,56.8076633766,4.0048009458,68.7848077462,3.2906452467,35.5758385297,1.273058256,67.0973382359,4.1248042217,53.8047921672,1.5015314945,2.3892716784
3ODU_CXCR4_6,CXCR4,T4-Lysozyme,NO,0,0,0,0,0,14,0,0,0,0,0,0,0,2.8,0,6.260990337,6.3113897687,0.7726752083,3.828917894,0.4481894603,12.4726084866,0.9103232431,4.0295370149,0.7451883955,6.4009395687,2.8592746137,6.6086785466,0.9718291955,1.5463971163,9.0777791317,1.2576536066,2.688788889,0.6335757247,1.8656799934,1.1362133081,5.1428332169,1.3328928504,5.0315567404,2.8176478207,4.7613275943,0.819320631,1.3037219575,62.4170350494,5.3207223165,40.0744229643,0.5491418415,79.8952286353,3.5622398227,79.7391882861,6.235755213,85.72671919,4.9910111507,69.570518825,2.2213872854,3.5347228795
5WIU_DRD4_53,DRD4,-,YES,8,14,0,0,0,7,0,6,0,0,0,0,0,2.6,0,3.577708764,4.9600928672,1.5885238374,1.589389409,0.1949777075,1.6648599821,0.1778718352,2.7785003925,0.5796721922,2.9627199,0.8255896456,2.7911125101,0.5796193262,0.9223036916,4.4010256888,0.826584868,1.4836810607,0.5729942592,0.6907855958,0.3519439802,2.6871693256,1.4375925785,6.7899479227,3.2124903757,3.2105219187,1.1539155442,1.8361371301,64.2292732018,7.014608347,36.317401048,0.8928588285,36.5069649601,0.6486313306,54.482786864,6.112499928,40.3198611943,1.7601718814,46.3712574536,3.0373759793,4.8331429815
4XT3_US28_33,US28,-,YES,8,8,9,11,9,0,9,0,9,0,9,0,9,2.2,0,4.9193495505,3.029931797,0.2198038438,8.934035197,1.4884632374,9.976912797,0.5260958911,10.0352166075,2.0321381852,8.5274339791,1.7360921382,8.1007060755,0.7870815852,1.2524224413,11.5391849712,0.3035935561,8.431676865,1.8727498908,5.7164677116,1.635515017,1.3923403216,0.5754454912,4.7691889018,2.8001437062,6.3697717542,1.0141908208,1.6138039152,36.7399926189,0.6303613622,67.7200197733,5.1962013242,70.4765281861,2.3433342599,94.8554820844,5.4768289628,94.9284713682,4.603358281,72.9440988062,2.0894094539,3.3247166984
5F8U_ADRB1_39,ADRB1,-,YES,12,12,14,0,14,0,14,4,14,0,14,7,14,2.2,0,3.1937438845,1.4272788507,0.4268573514,1.9975372522,0.3858719694,8.2862927104,0.1415263069,9.9099351075,2.2105878756,1.1916946433,0.2763845575,4.5625477128,0.8581682727,1.3655372243,5.0072835042,0.9476141499,3.543263795,1.4768974173,5.7538552834,1.4489797739,7.3009250611,1.4683993048,3.4185124377,0.5990611604,5.0047680163,0.3983811186,0.6339132596,43.7933521907,0.7820908209,52.0766527762,3.4238056243,44.5038029133,0.8869147092,73.6571396606,2.708574443,42.4435335726,1.17383446,51.2948962227,1.1962521205,1.9035040706
5GLH_EDNRB_41,EDNRB,-,YES,9,9,2,11,2,0,2,0,2,0,2,0,2,2.2,0,4.9193495505,2.4918677627,0.2012018737,4.425149806,1.1564436004,4.8953038925,0.7858745043,8.1587076015,0.9354922767,5.7352108836,0.6159351897,5.1412479893,0.3603600162,0.5734132011,2.0785606201,0.5158292283,1.6368357348,0.991802436,1.3191980409,0.7261181642,1.2017743067,0.8069575557,6.8702452666,1.2773071051,2.6213227938,0.2875080715,0.4574894999,35.765522213,0.5058273689,64.4256132369,2.7121967832,55.2698124933,3.3296514161,72.8045279466,1.5560056347,54.582278652,3.8658731892,56.5695509084,1.3611147868,2.1658373622
2RH1_ADRB2_2,ADRB2,T4-Lysozyme,YES,5,5,2,10,2,0,2,0,2,0,2,0,2,2,0,4.472135955,1.4354146731,0.1059935254,5.0997187687,1.2866260555,5.8596352239,2.1333414807,5.7550365149,0.8617033097,8.852142803,3.0006296251,5.4003895967,1.123245322,1.7873339624,1.6930742869,0.2726489559,3.3198434745,0.9053638255,2.6025509877,0.6247344592,7.3496839773,0.9773080242,5.720627916,2.1265757447,4.1371561285,0.6976324343,1.1100888815,44.351507285,0.6059375793,65.4096518034,3.0410153672,72.8656020925,3.5829817132,66.6164845012,3.5020214041,84.3566872566,4.937124027,66.7199865878,1.5801919318,2.5144379875
5UEN_AA1R_49,AA1R,BRIL,YES,6,6,12,6,12,0,12,0,12,0,12,0,12,1.2,0,2.683281573,6.3256007463,0.2807133218,6.858487897,2.156851854,9.4949333,1.2109598998,4.3824600104,1.1350276574,7.8974226746,0.3926437773,6.9917809257,0.7551636618,1.2016339027,2.9881496655,0.6567910138,2.0294013156,0.7760801376,10.1680802323,0.8408333533,8.8348934912,1.7103219078,9.2644752846,1.0944737468,6.6569999978,0.4199751722,0.6682742175,49.1904295658,1.703448587,76.0785952356,1.9326708862,70.8004392803,5.964846674,66.0893748794,3.0622464198,66.369813398,3.5107640252,65.7057304718,1.7029139073,2.7097160362
5UEN_AA1R_51,AA1R,BRIL,NO,0,0,0,0,0,2,0,0,0,0,0,0,0,0.4,0,0.894427191,4.6092386522,0.7291687617,1.5166063478,0.2165545984,3.0213799522,0.4492810252,7.3527505821,0.8146043765,11.894652409,2.1642583395,5.6789255887,0.7585987383,1.2070998759,9.7236139983,1.8407262746,3.9363908227,0.6839087603,3.8030983804,0.7196750685,0.9335871236,0.4893781727,3.731270319,1.7439188975,4.4255921288,0.6430094599,1.02317154,49.7882589276,2.8522680745,47.6357018208,1.1532519453,56.1412769881,3.1096012082,57.0211739463,5.901603172,83.4533633177,3.6993005864,58.8079550001,1.7149117653,2.7288073057
5X33_Q9WTK1_55,Q9WTK1,Endolysin,YES,0,0,0,0,0,0,0,0,0,0,0,0,0,0,0,0,3.7922177403,0.7832380965,8.6682136463,3.6665972409,3.3350778507,0.3209957207,10.9571126896,2.9950642092,8.3958950507,2.5930893324,7.0297033955,1.4485548843,2.3049740698,1.8444917698,1.0369855459,2.412536511,1.901087662,2.6636253929,0.7126846071,2.0818123614,1.1519139631,3.8338455033,0.7077700826,2.5672623077,0.4879147052,0.7763811755,80.9407497196,4.6475811711,75.1245526883,2.4828331882,45.2446254975,1.8227879385,98.7991229514,3.8910936939,68.5656475042,3.3651702992,73.7349396722,1.1183301213,1.7795127814
